<Ui xmlns="http://www.blizzard.com/wow/ui/" xmlns:xsi="http://www.w3.org/2001/XMLSchema-instance" xsi:schemaLocation="http://www.blizzard.com/wow/ui/
    ..\FrameXML\UI.xsd">
    <Script file="Lib\LibStub\LibStub.lua"/>
    <Include file="Lib\LibUIDropDownMenu\LibUIDropDownMenu.xml"/>
    <Script file="Utils.lua"/>
    <Script file="Lib\json.lua"/>
    <Script file="GUI\Panels.lua"/>
    <Script file="Settings.lua"/>
    <Script file="Core.lua"/>
    <Script file="Deprecated.lua"/>
    <Script file="Enum\ItemRange.lua"/>
    <Script file="Enum\ProjectileSpeed.lua"/>
    <Script file="Enum\TriggerGCD.lua"/>
    <Script file="Enum\TickTime.lua"/>
    <Script file="Enum\SpellDuration.lua"/>
    <Script file="Enum\SpellMeleeRange.lua"/>
    <Script file="Class\Main.lua"/>
    <Script file="Class\Unit\Main.lua"/>
    <Script file="Class\Unit\Power.lua"/>
    <Script file="Class\Unit\Range.lua"/>
    <Script file="Class\Unit\Cast.lua"/>
    <Script file="Class\Unit\Aura.lua"/>
    <Script file="Class\Unit\Control.lua"/>
    <Script file="Class\Unit\TimeToDie.lua"/>
    <Script file="Class\Unit\List.lua"/>
    <Script file="Class\Unit\Player\Main.lua"/>
    <Script file="Class\Unit\Player\Power.lua"/>
    <Script file="Class\Unit\Player\Stat.lua"/>
    <Script file="Class\Unit\Player\Equipment.lua"/>
    <Script file="Class\Unit\Player\Aura.lua"/>
    <Script file="Class\Unit\Player\Instance.lua"/>
    <Script file="Class\Unit\Player\MythicDungeon.lua"/>
    <Script file="Class\Unit\Player\Tank.lua"/>
    <Script file="Class\Unit\Pet\Main.lua"/>
    <Script file="Class\Spell\Main.lua"/>
    <Script file="Class\Spell\Book.lua"/>
    <Script file="Class\Spell\Cooldown.lua"/>
    <Script file="Class\Spell\Travel.lua"/>
    <Script file="Class\Spell\Artifact.lua"/>
    <Script file="Class\Spell\Azerite.lua"/>
    <Script file="Class\Item.lua"/>
    <Script file="Misc\ToSort.lua"/>
    <Script file="Events\Main.lua"/>
    <Script file="Events\Spell.lua"/>
    <Script file="Events\PMultiplier.lua"/>
    <Script file="Events\Prev_Spell.lua"/>
    <Script file="Events\KeyBinding.lua"/>
    <Script file="Events\InFlight.lua"/>
    <Script file="Events\Aura.lua"/>
	<Script file="Misc\Enemies.lua"/>
    <Script file="Main.lua"/>
</Ui>